Jon,Black,hand,Blue,staff
Jana,White,finger,Noble,crest
Dragomir,Gold,fist,Lightning,catcher
Wes,Silver,tongue,Cat,fetcher
Arron,Bronze,beard,Tide,fighter
Lena,Copper,hair,Ferret,skipper
Flyn,Steel,jaw,Skull,pecker
Granit,Iron,glove,Snow,clasp
Yanis,Rock,haven,Loose,button
Eva,Amber,dawn,Craven,cottage
Idris,Red,moon,Riddle(s),worth
Gwen,Rose,mount,Giant,reckon(ing)
Devon,Green,gaze,Sage,wine
Esemir,Grey,cloak,Gorgon,spell
Axel,Shadow,run,Timber,trader
Mira,Dark,sun,Lumber,worker
Darian,Dusk,tripper,Cradle,lit
Flo,Dawn,dancer,Heron,loft
Issi,Bright,soul,Tinder,spark
Dafne,Light,flower,Wet,peg
Hazel,Sun,blossom,Flint,flurry
Roisin,Moon,bringer,Needle,dart
Ruben,Star,dust,Swallow,drifter
Seth,Storm,quiver,Dire,whisper(er)
Caelin,Cloud,seeker,Pewter,ring
Orla,Dream,giver,Brass,brace
Pria,Fire,strike,Hill,shepherd
Rowan,Wood,cutter,Plain,sceptre
Olaf,Oak,heart,Rye,grain
Trent,Strong,blood,Wheat,sheaf
Marek,Hard,helm,Soft,pride
Roik,Stout,anvil,Proud,antler
Bertran,Arrow,smith,Rib,tickler
Tormen,Shield,bearer,Free,mason
Zak,Sparrow,flash,Dour,bound
Ganut,TRUE,stone,Opal,chain
Stron,Swift,shield,Brandy,barn
Pelin,Deft,spear,Dandy,buck
Oswin,Nimble,foot,Spirit,horn
Ferlik,Quick,notch,Hoot,cryer
Jasmin,Fleet,ford,Safe,harbour
Drezz,Hawk,wind,Shallow,port
Coromet,Lion,mane,Knave,trap(per)
Grunwila,Bear,rider,Spider,jack
Rafina,Tiger,rake,Rage,lust
Draxon,Griffon,bane,Noon,riser
Alkon,Dragon,slayer,Boon,lord
Fleck,Snake,skin,Prime,cut
Jin,Cobra,killer,Eternal,glade
Dagmar,Eagle,born,Pure,crack
Joris,Stag,walker,Beryl,gift
Lavin,Deer,hunt(er),Middle,camp
Tegen,Ox,tamer,Blaze,town
Larissa,Bison,stalker,Fen,moor
Lorilee,Wolf,creek,Kings,mire
Fenwick,Jackal,mouth,Quag,nag
Caradoc,Dog,tooth,Dung,sweeper
Toady,Rat,tail,Desert,mare
Gea,Lynx,hide,Forest,steed
Aspen,Owl,flight,Filly,whip(per)
Leandra,Panther,claw,Daisy,bell(s)
Colyn,Crab,eater,Fir,snapper
Agnes,Kraken,maid,Willow,warbler
Seldon,Trout,nose,Beech,craft
Clifton,River,bank,Pine,harness
Gibon,Sea,breeze,Fury,forge(d)
Lazar,Swan,song,Heaven,sent
Fel,Duck,feather,Lime,scent
Gerald,Goose,wing,Orchid,musk
Ovina,Sand,shifter,Swamp,shiver
Vondel,Castle,stormer,Bog,shudder
Gideon,Cliff,raider,Aether,bat
Drayton,Crag,reaver,Elm,cudgel
Owyn,Bluff,breaker,Rhyme,peddler
Brindel,Beach,comber,Honey,lyre
Una,Good,berry,Marble,limb
Uma,Fair,brook,Candle,stick
Benn,Blade,forge(r),Wicker,horse
Delryn,Axe,storm,Hoarse,throat
Mia,Hammer,wind,Silent,pad
Nora,Wagon,chaser,Limp,shoe
Pip,Leather,saddle,Fiery,bolt
Teia,Loom,weaver,Last,arch
Osbalt,Cart,swain,Wheel,barrow
Robyn,Bull,chest,Rabbit,burrow
Perritt,Plough,puller,Wiggle,worm
Eggard,Wheel,wright,Bug,stain
Merit,Little,rider,Cat,lick
Philomena,Great,star,Frog,fetcher
Jaysee,Dew,drop,Viper,prey
Cameron,Crow,caller,Hornet,nest
Nikki,Raven,roost,Church,mouse
Bryn,Ruby,mine(r),Brick,temple
Ida,Jet,tempest,New,spire
Oriel,Sky,deck,Old,tower
Alina,Jade,tusk,Sly,hook
Odo,Gem,tree,Razor,pike
Dezre,Diamond,farmer,Bold,crook
Petronia,Flame,fork,Fiery,bolt
Bilko,Bone,field,Wily,guise
Eva,Teal,feather,Shy,kiss(ed)
Finigan,Frost,whiskers,Vile,wart
Helois,Ever,lock,Lazy,toad
Loris,Right,guard,Slumber,newt
Brigitte,Scarlet,mark,Velvet,fleece
Theobald,Night,warden,Bracken,hearth
Wilhelm,Day,watcher,Hay,blaze
Neferi,Lone,ranger,Stork,sigil
Jilomar,Ivy,bridge,Straw,bale
Botherin,Smoke,ridge,Ghost,mound
Larissa,Sable,valley,Grand,crescent
Dillon,Deep,gorge,Butter,cup(s)
Remy,Sharp,thistle,Tender,bud
Rex,Bitter,thorn,Umber,brow
Gelda,Ginger,petal,Frail,gable
Jamila,Sweet,meadow,Chestnut,head
Eldon,Rolling,boulder,Glimmer,knife
Greta,Smooth,pebble,Tin,spoon
Lilly,Acorn,bush,Pepper,pot
Hattie,Speckle,bough,Salt,shaker
Clarence,Cloven,trunk,Barley,barrel
Gus,Winter,vale,Ale,dipper
Chester,Spring,leaf,Plum,brew
Oliver,Autumn,grove,Ripe,vine
Ezra,Summer,orchard,Brush,thatch
Abelia,Lily,bank,Flaxen,cape
Bertie,Beetle,boots,Even,glory
Grint,Brazen,belt,Lunar,flood
Cyril,Slow,sack,Coral,rain
Alba,Battle,pack,Queens,reign
Abner,Dry,fell,Feeble,reins
Roscoe,Cherry,falls,Tawny,bridle
Wilber,Wild,dove,Gloom,driver
Cornel,Dune,fox,Doom,sayer
Osgood,Spotted,vole,Grim,guts
Hector,Cold,paw,Bleak,blizzard
Cruilla,Death,maw,Sombre,fellow
Elric,Scar,nape,Chalk,cheeks
Mildred,Mild,jape,Slate,jacket
Wexton,War,song,Oyster,diver
Linus,Thunder,clap,Saffron,flume
Wendel,Merry,harp,Dappled,plume
Clem(ence),Idle,calm,Ash,grave
Percy,Cheese,bread,Lead,tomb
Rufus,Rich,larder,Nettle,garden
Hal,Poor,plate,Hoar,frost
Harvey,Rust,bucket,Morn,singer
Megan,Mean,pouch,Under,root
Jen,Joy,pocket,Heather,frond
Prunila,Pearl,locket,Fat,harvest
Loretta,Luck(y),charm,Broken,blade
Garret,Long,rope,Hell,throne
Faizel,Firm,law,Brisk,bee
Rosalind,Rough,scale,Drift,swarm
Cyra,Pale,snout,Ample,flock
Jasper,Savage,beak,Lame,herd
Drusilla,June,bird,Gout,rot
Carrick,May,gale,Yellow,belly
Roncan,Gentle,rush,Throttle,weed
Titiana,Tall,reed,Damsel,sting
Tethren,Top,lily,Adder,bite
Berrick,Bottom,pond,Smelly,turf
Mylo,Mellow,lake,Mink,flayer
Elias,Short,beam,Ruin,tracker
Gael,Fine,ray,Kin,seer
Layla,Fortune,well,Omen,gazer
Nanna,Grave,gate,Woe,wanderer
Hubert,High,wall,Kind,voyager
Avona,Pink,coat,Slug,squisher
Gray,Glass,shins,Crystal,fang
Thinden,Thrifty,palm,Bristle,noose
Derrian,Drizzle,shears,Slip,knot
Willy,Wool,shorn,Crinkle,moss
Timrin,Tortoise,shell,Lavendar,bark
Elrod,Falcon,dive,Lace,gauntlet
Jesper,Crown,steward,Loyal,squire
Berevan,Arbour,lark,Leal,knight
Grenley,Anchor,bay,Cow,halter
Solomon,Dread,shore,Bluster,bow
Axton,Cleft,coast,Galley,shank
Erel,Emerald,hoarder,Rum,runner
Tina,Twinkle,toes,Wrinkle,rump
Bella,Bay,kite,Fable,joust
Krag,Harpy,begotten,Silent,destroyer
Cleris,Common,heir,Royal,lance
Vixen,Venom,bride,Dun,scabbard
Gladwin,Coal,groom,Boar,holm
Languedoc,Titan,scion,Fickle,slippers
Beyla,Bumble,child,Knoll,strider
Ilsa,God,chosen,Air,borne
Bolo,Baggy,britches,Moor,jaunt
Bea,Biege,breetches,Soot,cowl
Roni,Ram,rod,Roan,hood
Pippa,Poppy,cock,Snug,hat
Scarsen,Shatter,brood,Cur,howl
Yunis,Hound,breath,Harrier,talons
Quentin,Scrawny,scribe,Siren,conch
Phoebe,Flea,home,Cabbage,patch
Delewin,Birch,hall,Bent,dirk
Wally,Chamber,key,Bile,bladder
Otis,Hairy,purse,Weasel,creek
Tigga,Troll,spawn,Fey,sworn
Reece,Rumble,mage,Spore,sniffer
Specky,Spruce,scythe,Murky,moat
Peggy,Poison,chalice,Tough,mutton
Hamil,Beacon,keeper,Falcon,flare
Bethel,Far,flung,Mountain,lair
Aldric,Apple,house,Demon,scorned
